county,pdf_url,detail_url
Barnstable,/html/BARNSTBL/IndexingStandards.pdf,
Bristol Fall River,https://www.fallriverdeeds.com/MA/BristolFallRiver/D/elec_recording.pdf,
Bristol Fall River,2016_Stats.pdf,
Norfolk, https://www.norfolkdeeds.org/wp-content/uploads/OnlineResearchApplication.pdf,
Norfolk,/html/NORFOLK1/RecordedOrRegistered.pdf,
Norfolk,/html/NORFOLK1/FAQ.pdf,
Norfolk,/html/NORFOLK1/GlossaryOfTerms.pdf,
Barnstable,,https://search.barnstabledeeds.org/ALIS/WW400R.HTM?WSIQTP=SYVPS
Barnstable,,https://search.barnstabledeeds.org/ALIS/WW400R.HTM?WSIQTP=SY50T
Barnstable,http://www.browntech.com/Public/WebViewer/SupportFAQ.htm?FACN1=Barnstable%20County%20Registry%20of%20Deeds&SPTEM=kgrenier@barnstabledeeds.org#_VIEWING/PRINTING,http://www.browntech.com/Public/WebViewer/SupportFAQ.htm?FACN1=Barnstable County Registry of Deeds&SPTEM=kgrenier@barnstabledeeds.org
Barnstable,,http://www.browntech.com/Public/WebViewer/Plugin.htm
Bristol South (New Bedford),https://newbedforddeeds.com/wp-content/uploads/2023/12/1125w.pdf,https://newbedforddeeds.com/recording-information/non-indexed-books-and-documents/
Bristol South (New Bedford),,https://newbedforddeeds.com/record-search/
Essex North (Lawrence),,https://search.lawrencedeeds.com/ALIS/WW400R.HTM?WSIQTP=SYVPS
Essex North (Lawrence),http://www.browntech.com/Public/WebViewer/SupportFAQ.htm?FACN1=Essex%20North%20Registry%20of%20Deeds&SPTEM=info@browntech.com#_VIEWING/PRINTING,http://www.browntech.com/Public/WebViewer/SupportFAQ.htm?FACN1=Essex North Registry of Deeds&SPTEM=info@browntech.com
Essex North (Lawrence),,http://www.browntech.com/Public/WebViewer/Plugin.htm
Norfolk,,https://norfolkresearch.org/ALIS/WW400R.HTM?WSIQTP=SYVPS
Norfolk,,https://norfolkresearch.org/ALIS/WW400R.HTM?WSIQTP=SY50T
Norfolk,,http://www.browntech.com/Public/WebViewer/Plugin.htm
Norfolk,http://www.browntech.com/Public/WebViewer/SupportFAQ.htm?FACN1=Norfolk%20County%20Registry%20of%20Deeds&SPTEM=networkmonitor@norfolkdeeds.org#_VIEWING/PRINTING,http://www.Browntech.com/Public/WebViewer/SupportFAQ.htm?FACN1=Norfolk County Registry of Deeds&SPTEM=networkmonitor@norfolkdeeds.org
Norfolk,http://www.browntech.com/Public/WebViewer/SupportFAQ.htm?FACN1=Norfolk%20County%20Registry%20of%20Deeds&SPTEM=networkmonitor@norfolkdeeds.org#_VIEWING/PRINTING,http://www.browntech.com/Public/WebViewer/SupportFAQ.htm?FACN1=Norfolk County Registry of Deeds&SPTEM=networkmonitor@norfolkdeeds.org
